{
    "adultContent": [
      "pornhub.com", "xvideos.com", "xnxx.com", "redtube.com", "youporn.com",
      "xhamster.com", "tnaflix.com", "spankbang.com", "brazzers.com", "beeg.com",
      "hqporner.com", "xtube.com", "porndig.com", "drtuber.com", "fux.com",
      "efukt.com", "hclips.com", "porntube.com", "motherless.com", "realitykings.com",
      "bangbros.com", "naughtyamerica.com", "teamskeet.com", "sex.com", "lubetube.com",
      "mydirtyhobby.com", "amateurporn.com", "porno.com", "mofos.com", "tubegalore.com",
      "sunporno.com", "eporner.com", "fapvid.com", "javhd.com", "hdporn.com",
      "xkeezmovies.com", "bestgore.com", "camsoda.com", "cam4.com", "livejasmin.com"
    ],
  
    "gambling": [
      "nairabet.com", "bet9ja.com", "betway.com.ng", "merrybet.com", "1xbet.ng",
      "betking.com", "betyetu.com.ng", "msport.com", "betwinner.ng", "sportal.bet",
      "supabets.com.ng", "cloudbet.com", "bet365.com", "betfair.com", "paripesa.ng",
      "sportsbet.io", "betika.com", "lionbet.com.ng", "betmojo.com", "naijabet.com",
      "livescorebet.com.ng", "melbet.ng", "noxwin.com", "bangbet.ng", "babaijebu.ng",
      "xbet.ng", "palmsbet.com", "bitcasino.io", "betsafe.com", "betfred.com",
      "williamhill.com", "boylesports.com", "unibet.com", "bet-at-home.com",
      "mrgreen.com", "intertops.eu", "10bet.com", "dafabet.com", "matchbook.com",
      "bwin.com"
    ],
  
    "datingSites": [
      "badoo.com", "tinder.com", "bumble.com", "okcupid.com", "match.com",
      "plentyoffish.com", "zoosk.com", "hinge.co", "tagged.com", "pof.com",
      "blackpeoplemeet.com", "christianmingle.com", "happn.com", "ashleymadison.com",
      "eharmony.com", "skout.com", "lovoo.com", "meetme.com", "mingle2.com",
      "blendr.com", "twoo.com", "downapp.com", "grindr.com", "gaydar.net",
      "loveawake.com", "tawkify.com", "afrointroductions.com", "interracialmatch.com",
      "thaifriendly.com", "asiandating.com", "nigerian-dating.com", "naijasingles.com",
      "flirt.com", "be2.com", "firstmet.com", "latinamericancupid.com", "nigeria.dating",
      "passion.com", "hookup.com", "friendfinder.com", "wooplus.com"
    ],
  
    "socialMedia": [
      "facebook.com", "instagram.com", "twitter.com", "tiktok.com", "snapchat.com",
      "pinterest.com", "linkedin.com", "reddit.com", "tumblr.com", "wechat.com",
      "messenger.com", "telegram.org", "threads.net", "quora.com", "gab.com",
      "parler.com", "vk.com", "ok.ru", "kakao.com", "line.me",
      "truthsocial.com", "clubhouse.com", "mastodon.social", "bubbly.net",
      "imo.im", "mix.com", "diasporafoundation.org", "mewe.com", "tagged.com",
      "viber.com", "foursquare.com", "plurk.com", "weibo.com", "xing.com",
      "nextdoor.com", "friendica.social", "path.com", "ello.co", "cocoscope.com",
      "bitchute.com"
    ],
  
    "violentContent": [
      "bestgore.com", "liveleak.com", "goregrish.com", "theync.com", "hoodsite.com",
      "kaotic.com", "deathaddict.com", "documentingreality.com", "wikileaks.org",
      "watchpeopledie.tv", "snuffx.com", "rungr.com", "rotten.com", "ogrish.tv",
      "crazyshit.com", "bloody-disgusting.com", "horrormovies.ca", "darknetdiaries.com",
      "warleaks.com", "military.com", "murderpedia.org", "crimeonline.com", "allcrimea.com",
      "crimemuseum.org", "realviolence.com", "goreforum.com", "deadhouse.org",
      "viralvideo.com", "disturbed1.com", "bizarrepedia.com", "realcrimes.com",
      "wikicrimes.org", "rawreport.com", "policebrutality.com", "bloodystuff.com",
      "shockchan.com", "assassinationrecords.com", "infogore.com", "frightfind.com",
      "brutalclips.com"
    ],
  
    "politicalMisinformation": [
      "infowars.com", "thegatewaypundit.com", "naturalnews.com", "breitbart.com",
      "sputniknews.com", "rt.com", "newswars.com", "zerohedge.com", "vaccineimpact.com",
      "beforeitsnews.com", "projectveritas.com", "americanthinker.com", "trunews.com",
      "whatdoesitmean.com", "truthuncensored.net", "theblaze.com", "yournewswire.com",
      "dailystormer.name", "realfarmacy.com", "conservativetribune.com", "theduran.com",
      "technocracy.news", "noqreport.com", "usareally.com", "pressTV.ir", "wnd.com",
      "libertynation.com", "bitchute.com", "gellerreport.com", "globalresearch.ca",
      "americanews.com", "dcclothesline.com", "thenewamerican.com", "therundownlive.com",
      "rense.com", "veteranstoday.com", "truthout.org", "altnews.com", "steemit.com",
      "oneamericanewsnetwork.com"
    ],
  
    "jobScams": [
      "quicknaijajobs.com", "instantcashjobz.com", "getrichnaija.com", "nigerianjoboffers.com",
      "naijapayjobs.com", "quicknairajobs.com", "instantjobnaija.com", "fastjoboffers.ng",
      "fakejobnaija.com", "urgentjobzng.com", "getscammedfast.com", "nigeriascamjobs.com",
      "easyjobnaija.com", "onlinenigeriajobs.com", "miraclejobsng.com", "phantomworkz.com",
      "scamjoblinkz.com", "getrichquicknaija.com", "fraudworkzone.com", "instantnaijapay.com",
      "fakeofferz.com", "quickcashnaija.com", "hurryhurryjobs.com", "nairajobz.net",
      "419workoffers.com", "nigeriajobsfake.com", "urgentjoboffers.com.ng",
      "bogusjobsnigeria.com", "scammyjobs.net", "fraudulentjobsnaija.com",
      "jobscamlords.com", "quickcashscamjobs.com", "nairafraudoffers.com",
      "falsejobsportal.com", "fastscamjobs.com", "urgentfraudjobs.com",
      "419jobsnigeria.com", "magicmoneyjobs.com", "scamhubnaija.com",
      "lucrative419jobs.com"
    ]
  }
